entrada_erronea,centro_de_costo,codigo_centro_costo,ue
despach ministerial,DESPACHO MINISTERIAL,10000,24
despacho min.,DESPACHO MINISTERIAL,10000,24
despacho ministerial,DESPACHO MINISTERIAL,10000,24
dm,DESPACHO MINISTERIAL,10000,24
dxspacho ministerial,DESPACHO MINISTERIAL,10000,24
cxnsejo nacional de educacion,CONSEJO NACIONAL DE EDUCACION,10100,24
consejo nacional de,CONSEJO NACIONAL DE EDUCACION,10100,24
consejo nacional de educ.,CONSEJO NACIONAL DE EDUCACION,10100,24
consejo nac. de educacion,CONSEJO NACIONAL DE EDUCACION,10100,24
cnde,CONSEJO NACIONAL DE EDUCACION,10100,24
consej nacional de educacion,CONSEJO NACIONAL DE EDUCACION,10100,24
consejo nacional,CONSEJO NACIONAL DE EDUCACION,10100,24
pxocuraduria publica,PROCURADURIA PUBLICA,10200,24
procuraduri publica,PROCURADURIA PUBLICA,10200,24
procuraduria publica,PROCURADURIA PUBLICA,10200,24
pp,PROCURADURIA PUBLICA,10200,24
procu publica,PROCURADURIA PUBLICA,10200,24
odci,ORGANO DE CONTROL INSTITUCIONAL,10300,24
organo de control inst.,ORGANO DE CONTROL INSTITUCIONAL,10300,24
organo de control,ORGANO DE CONTROL INSTITUCIONAL,10300,24
organo de ctrl institucional,ORGANO DE CONTROL INSTITUCIONAL,10300,24
organ de control institucional,ORGANO DE CONTROL INSTITUCIONAL,10300,24
organo de,ORGANO DE CONTROL INSTITUCIONAL,10300,24
oxgano de control institucional,ORGANO DE CONTROL INSTITUCIONAL,10300,24
udcdg,UNIDAD DE CONTROL DE GESTION,10301,24
unidad de ctrl de gestion,UNIDAD DE CONTROL DE GESTION,10301,24
unida de control de gestion,UNIDAD DE CONTROL DE GESTION,10301,24
uni. de control de gestion,UNIDAD DE CONTROL DE GESTION,10301,24
unidad de control,UNIDAD DE CONTROL DE GESTION,10301,24
uxidad de control de gestion,UNIDAD DE CONTROL DE GESTION,10301,24
unidad de,UNIDAD DE CONTROL DE GESTION,10301,24
unida de control financiero,UNIDAD DE CONTROL FINANCIERO,10302,24
uni. de control financiero,UNIDAD DE CONTROL FINANCIERO,10302,24
unidad de ctrl financiero,UNIDAD DE CONTROL FINANCIERO,10302,24
unidad de control,UNIDAD DE CONTROL FINANCIERO,10302,24
uxidad de control financiero,UNIDAD DE CONTROL FINANCIERO,10302,24
udcf,UNIDAD DE CONTROL FINANCIERO,10302,24
unidad de,UNIDAD DE CONTROL FINANCIERO,10302,24
secretari general,SECRETARIA GENERAL,20000,24
sxcretaria general,SECRETARIA GENERAL,20000,24
sg,SECRETARIA GENERAL,20000,24
secretaria general,SECRETARIA GENERAL,20000,24
oficina general de,OFICINA GENERAL DE ADMINISTRACION,20100,24
ofi. general de administracion,OFICINA GENERAL DE ADMINISTRACION,20100,24
oficin general de administracion,OFICINA GENERAL DE ADMINISTRACION,20100,24
ogda,OFICINA GENERAL DE ADMINISTRACION,20100,24
oxicina general de administracion,OFICINA GENERAL DE ADMINISTRACION,20100,24
oficina general,OFICINA GENERAL DE ADMINISTRACION,20100,24
ofi. de logistica,OFICINA DE LOGISTICA,20101,24
oficina de logistica,OFICINA DE LOGISTICA,20101,24
oxicina de logistica,OFICINA DE LOGISTICA,20101,24
oficin de logistica,OFICINA DE LOGISTICA,20101,24
odl,OFICINA DE LOGISTICA,20101,24
oficina de,OFICINA DE LOGISTICA,20101,24
odcycp,OFICINA DE CONTABILIDAD Y CONTROL PREVIO,20102,24
oficina de contabilidad y ctrl previo,OFICINA DE CONTABILIDAD Y CONTROL PREVIO,20102,24
ofi. de contabilidad y control previo,OFICINA DE CONTABILIDAD Y CONTROL PREVIO,20102,24
oficin de contabilidad y control previo,OFICINA DE CONTABILIDAD Y CONTROL PREVIO,20102,24
oficina de contabilidad,OFICINA DE CONTABILIDAD Y CONTROL PREVIO,20102,24
oficina de,OFICINA DE CONTABILIDAD Y CONTROL PREVIO,20102,24
oxicina de contabilidad y control previo,OFICINA DE CONTABILIDAD Y CONTROL PREVIO,20102,24
ofi. de tesoreria,OFICINA DE TESORERIA,20103,24
odt,OFICINA DE TESORERIA,20103,24
oxicina de tesoreria,OFICINA DE TESORERIA,20103,24
oficin de tesoreria,OFICINA DE TESORERIA,20103,24
oficina de tesoreria,OFICINA DE TESORERIA,20103,24
oficina de,OFICINA DE TESORERIA,20103,24
oficina de ejecucion,OFICINA DE EJECUCION COACTIVA,20104,24
oficin de ejecucion coactiva,OFICINA DE EJECUCION COACTIVA,20104,24
ofi. de ejecucion coactiva,OFICINA DE EJECUCION COACTIVA,20104,24
odec,OFICINA DE EJECUCION COACTIVA,20104,24
oxicina de ejecucion coactiva,OFICINA DE EJECUCION COACTIVA,20104,24
oficina de,OFICINA DE EJECUCION COACTIVA,20104,24
oxicina general de recursos humanos,OFICINA GENERAL DE RECURSOS HUMANOS,20200,24
oficina general de,OFICINA GENERAL DE RECURSOS HUMANOS,20200,24
ogdrh,OFICINA GENERAL DE RECURSOS HUMANOS,20200,24
oficin general de recursos humanos,OFICINA GENERAL DE RECURSOS HUMANOS,20200,24
oficina general,OFICINA GENERAL DE RECURSOS HUMANOS,20200,24
ofi. general de recursos humanos,OFICINA GENERAL DE RECURSOS HUMANOS,20200,24
odgdp,OFICINA DE GESTION DE PERSONAL,20201,24
oficina de gestion,OFICINA DE GESTION DE PERSONAL,20201,24
ofi. de gestion de personal,OFICINA DE GESTION DE PERSONAL,20201,24
oxicina de gestion de personal,OFICINA DE GESTION DE PERSONAL,20201,24
oficina de,OFICINA DE GESTION DE PERSONAL,20201,24
oficin de gestion de personal,OFICINA DE GESTION DE PERSONAL,20201,24
oficin de bienestar social y relaciones laborales,OFICINA DE BIENESTAR SOCIAL Y RELACIONES LABORALES,20203,24
oficina de bienestar,OFICINA DE BIENESTAR SOCIAL Y RELACIONES LABORALES,20203,24
oxicina de bienestar social y relaciones laborales,OFICINA DE BIENESTAR SOCIAL Y RELACIONES LABORALES,20203,24
ofi. de bienestar social y relaciones laborales,OFICINA DE BIENESTAR SOCIAL Y RELACIONES LABORALES,20203,24
oficina de,OFICINA DE BIENESTAR SOCIAL Y RELACIONES LABORALES,20203,24
oficina general de,OFICINA GENERAL DE COMUNICACIONES,20300,24
ogdc,OFICINA GENERAL DE COMUNICACIONES,20300,24
oficin general de comunicaciones,OFICINA GENERAL DE COMUNICACIONES,20300,24
ofi. general de comunicaciones,OFICINA GENERAL DE COMUNICACIONES,20300,24
oxicina general de comunicaciones,OFICINA GENERAL DE COMUNICACIONES,20300,24
oficina general,OFICINA GENERAL DE COMUNICACIONES,20300,24
odc,OFICINA DE COMUNICACIONES,20301,24
ofi. de comunicaciones,OFICINA DE COMUNICACIONES,20301,24
oficina de comunicaciones,OFICINA DE COMUNICACIONES,20301,24
oxicina de comunicaciones,OFICINA DE COMUNICACIONES,20301,24
oficin de comunicaciones,OFICINA DE COMUNICACIONES,20301,24
oficina de,OFICINA DE COMUNICACIONES,20301,24
oficina de prensa,OFICINA DE PRENSA,20303,24
odp,OFICINA DE PRENSA,20303,24
oficin de prensa,OFICINA DE PRENSA,20303,24
oxicina de prensa,OFICINA DE PRENSA,20303,24
oficina de,OFICINA DE PRENSA,20303,24
ofi. de prensa,OFICINA DE PRENSA,20303,24
"oficin general de transparencia, etica publica y anticorrupcion","OFICINA GENERAL DE TRANSPARENCIA, ETICA PUBLICA Y ANTICORRUPCION",20400,24
oficina general de,"OFICINA GENERAL DE TRANSPARENCIA, ETICA PUBLICA Y ANTICORRUPCION",20400,24
"ofi. general de transparencia, etica publica y anticorrupcion","OFICINA GENERAL DE TRANSPARENCIA, ETICA PUBLICA Y ANTICORRUPCION",20400,24
"oxicina general de transparencia, etica publica y anticorrupcion","OFICINA GENERAL DE TRANSPARENCIA, ETICA PUBLICA Y ANTICORRUPCION",20400,24
oficina general,"OFICINA GENERAL DE TRANSPARENCIA, ETICA PUBLICA Y ANTICORRUPCION",20400,24
oxicina de atencion al ciudadano y gestion documental,OFICINA DE ATENCION AL CIUDADANO Y GESTION DOCUMENTAL,20500,24
ofi. de atencion al ciudadano y gestion documental,OFICINA DE ATENCION AL CIUDADANO Y GESTION DOCUMENTAL,20500,24
oficina de atencion,OFICINA DE ATENCION AL CIUDADANO Y GESTION DOCUMENTAL,20500,24
oficin de atencion al ciudadano y gestion documental,OFICINA DE ATENCION AL CIUDADANO Y GESTION DOCUMENTAL,20500,24
oficina de,OFICINA DE ATENCION AL CIUDADANO Y GESTION DOCUMENTAL,20500,24
ofi. de dialogo,OFICINA DE DIALOGO,20600,24
odd,OFICINA DE DIALOGO,20600,24
oficin de dialogo,OFICINA DE DIALOGO,20600,24
oficina de dialogo,OFICINA DE DIALOGO,20600,24
oxicina de dialogo,OFICINA DE DIALOGO,20600,24
oficina de,OFICINA DE DIALOGO,20600,24
oxicina general de asesoria juridica,OFICINA GENERAL DE ASESORIA JURIDICA,20700,24
ogdaj,OFICINA GENERAL DE ASESORIA JURIDICA,20700,24
oficina general de,OFICINA GENERAL DE ASESORIA JURIDICA,20700,24
oficin general de asesoria juridica,OFICINA GENERAL DE ASESORIA JURIDICA,20700,24
oficina general,OFICINA GENERAL DE ASESORIA JURIDICA,20700,24
ofi. general de asesoria juridica,OFICINA GENERAL DE ASESORIA JURIDICA,20700,24
oficina general de,OFICINA GENERAL DE COOPERACION Y ASUNTOS INTERNACIONALES,20800,24
oficin general de cooperacion y asuntos internacionales,OFICINA GENERAL DE COOPERACION Y ASUNTOS INTERNACIONALES,20800,24
oxicina general de cooperacion y asuntos internacionales,OFICINA GENERAL DE COOPERACION Y ASUNTOS INTERNACIONALES,20800,24
ofi. general de cooperacion y asuntos internacionales,OFICINA GENERAL DE COOPERACION Y ASUNTOS INTERNACIONALES,20800,24
oficina general de cooperacion y asuntos internac.es,OFICINA GENERAL DE COOPERACION Y ASUNTOS INTERNACIONALES,20800,24
oficina general,OFICINA GENERAL DE COOPERACION Y ASUNTOS INTERNACIONALES,20800,24
oxicina de defensa nacional y de gestion del riesgo de desastres,OFICINA DE DEFENSA NACIONAL Y DE GESTION DEL RIESGO DE DESASTRES,20900,24
oficina de defensa nac. y de gestion del riesgo de desastres,OFICINA DE DEFENSA NACIONAL Y DE GESTION DEL RIESGO DE DESASTRES,20900,24
ofi. de defensa nacional y de gestion del riesgo de desastres,OFICINA DE DEFENSA NACIONAL Y DE GESTION DEL RIESGO DE DESASTRES,20900,24
oficina de defensa,OFICINA DE DEFENSA NACIONAL Y DE GESTION DEL RIESGO DE DESASTRES,20900,24
oficin de defensa nacional y de gestion del riesgo de desastres,OFICINA DE DEFENSA NACIONAL Y DE GESTION DEL RIESGO DE DESASTRES,20900,24
oficina de,OFICINA DE DEFENSA NACIONAL Y DE GESTION DEL RIESGO DE DESASTRES,20900,24
secretaria de,SECRETARIA DE PLANIFICACION ESTRATEGICA,30000,24
sdpe,SECRETARIA DE PLANIFICACION ESTRATEGICA,30000,24
secretaria de planificacion,SECRETARIA DE PLANIFICACION ESTRATEGICA,30000,24
sxcretaria de planificacion estrategica,SECRETARIA DE PLANIFICACION ESTRATEGICA,30000,24
secretari de planificacion estrategica,SECRETARIA DE PLANIFICACION ESTRATEGICA,30000,24
ofi. de planificacion estrategica y presupuesto,OFICINA DE PLANIFICACION ESTRATEGICA Y PRESUPUESTO,30100,24
oficin de planificacion estrategica y presupuesto,OFICINA DE PLANIFICACION ESTRATEGICA Y PRESUPUESTO,30100,24
oxicina de planificacion estrategica y presupuesto,OFICINA DE PLANIFICACION ESTRATEGICA Y PRESUPUESTO,30100,24
odpeyp,OFICINA DE PLANIFICACION ESTRATEGICA Y PRESUPUESTO,30100,24
oficina de,OFICINA DE PLANIFICACION ESTRATEGICA Y PRESUPUESTO,30100,24
oficina de planificacion,OFICINA DE PLANIFICACION ESTRATEGICA Y PRESUPUESTO,30100,24
unida de financiamiento por desempeño,UNIDAD DE FINANCIAMIENTO POR DESEMPEÑO,30101,24
udfpd,UNIDAD DE FINANCIAMIENTO POR DESEMPEÑO,30101,24
unidad de financiamiento,UNIDAD DE FINANCIAMIENTO POR DESEMPEÑO,30101,24
uni. de financiamiento por desempeño,UNIDAD DE FINANCIAMIENTO POR DESEMPEÑO,30101,24
uxidad de financiamiento por desempeño,UNIDAD DE FINANCIAMIENTO POR DESEMPEÑO,30101,24
unidad de,UNIDAD DE FINANCIAMIENTO POR DESEMPEÑO,30101,24
udpyp,UNIDAD DE PLANIFICACION Y PRESUPUESTO,30102,24
unida de planificacion y presupuesto,UNIDAD DE PLANIFICACION Y PRESUPUESTO,30102,24
unidad de planificacion,UNIDAD DE PLANIFICACION Y PRESUPUESTO,30102,24
unidad de,UNIDAD DE PLANIFICACION Y PRESUPUESTO,30102,24
uxidad de planificacion y presupuesto,UNIDAD DE PLANIFICACION Y PRESUPUESTO,30102,24
uni. de planificacion y presupuesto,UNIDAD DE PLANIFICACION Y PRESUPUESTO,30102,24
udpei,UNIDAD DE PROGRAMACION E INVERSIONES,30103,24
unidad de programacion,UNIDAD DE PROGRAMACION E INVERSIONES,30103,24
uni. de programacion e inversiones,UNIDAD DE PROGRAMACION E INVERSIONES,30103,24
uxidad de programacion e inversiones,UNIDAD DE PROGRAMACION E INVERSIONES,30103,24
unidad de,UNIDAD DE PROGRAMACION E INVERSIONES,30103,24
unida de programacion e inversiones,UNIDAD DE PROGRAMACION E INVERSIONES,30103,24
unidad de estadistica,UNIDAD DE ESTADISTICA,30201,24
uni. de estadistica,UNIDAD DE ESTADISTICA,30201,24
ude,UNIDAD DE ESTADISTICA,30201,24
unida de estadistica,UNIDAD DE ESTADISTICA,30201,24
uxidad de estadistica,UNIDAD DE ESTADISTICA,30201,24
unidad de,UNIDAD DE ESTADISTICA,30201,24
ofi. de tecnologias de la informacion y comunicacion,OFICINA DE TECNOLOGIAS DE LA INFORMACION Y COMUNICACION,30400,24
oficina de tecnologias,OFICINA DE TECNOLOGIAS DE LA INFORMACION Y COMUNICACION,30400,24
oficin de tecnologias de la informacion y comunicacion,OFICINA DE TECNOLOGIAS DE LA INFORMACION Y COMUNICACION,30400,24
oxicina de tecnologias de la informacion y comunicacion,OFICINA DE TECNOLOGIAS DE LA INFORMACION Y COMUNICACION,30400,24
oficina de,OFICINA DE TECNOLOGIAS DE LA INFORMACION Y COMUNICACION,30400,24
unida de calidad y seguridad de la informacion,UNIDAD DE CALIDAD Y SEGURIDAD DE LA INFORMACION,30401,24
uxidad de calidad y seguridad de la informacion,UNIDAD DE CALIDAD Y SEGURIDAD DE LA INFORMACION,30401,24
unidad de calidad,UNIDAD DE CALIDAD Y SEGURIDAD DE LA INFORMACION,30401,24
uni. de calidad y seguridad de la informacion,UNIDAD DE CALIDAD Y SEGURIDAD DE LA INFORMACION,30401,24
unidad de,UNIDAD DE CALIDAD Y SEGURIDAD DE LA INFORMACION,30401,24
uni. de sistemas de informacion,UNIDAD DE SISTEMAS DE INFORMACION,30402,24
uxidad de sistemas de informacion,UNIDAD DE SISTEMAS DE INFORMACION,30402,24
udsdi,UNIDAD DE SISTEMAS DE INFORMACION,30402,24
unidad de sistemas,UNIDAD DE SISTEMAS DE INFORMACION,30402,24
unidad de,UNIDAD DE SISTEMAS DE INFORMACION,30402,24
unida de sistemas de informacion,UNIDAD DE SISTEMAS DE INFORMACION,30402,24
unida de infraestructura tecnologica,UNIDAD DE INFRAESTRUCTURA TECNOLOGICA,30403,24
uxidad de infraestructura tecnologica,UNIDAD DE INFRAESTRUCTURA TECNOLOGICA,30403,24
uni. de infraestructura tecnologica,UNIDAD DE INFRAESTRUCTURA TECNOLOGICA,30403,24
unidad de infraestructura,UNIDAD DE INFRAESTRUCTURA TECNOLOGICA,30403,24
unidad de,UNIDAD DE INFRAESTRUCTURA TECNOLOGICA,30403,24
udit,UNIDAD DE INFRAESTRUCTURA TECNOLOGICA,30403,24
unidad de servicio,UNIDAD DE SERVICIO DE ATENCION AL CIUDADADO,30404,24
uxidad de servicio de atencion al ciudadado,UNIDAD DE SERVICIO DE ATENCION AL CIUDADADO,30404,24
uni. de servicio de atencion al ciudadado,UNIDAD DE SERVICIO DE ATENCION AL CIUDADADO,30404,24
unidad de,UNIDAD DE SERVICIO DE ATENCION AL CIUDADADO,30404,24
unida de servicio de atencion al ciudadado,UNIDAD DE SERVICIO DE ATENCION AL CIUDADADO,30404,24
despacho vicemin. de gestion pedagogica,DESPACHO VICEMINISTERIAL DE GESTION PEDAGOGICA,40000,24
despach viceministerial de gestion pedagogica,DESPACHO VICEMINISTERIAL DE GESTION PEDAGOGICA,40000,24
despacho viceministerial,DESPACHO VICEMINISTERIAL DE GESTION PEDAGOGICA,40000,24
dxspacho viceministerial de gestion pedagogica,DESPACHO VICEMINISTERIAL DE GESTION PEDAGOGICA,40000,24
dvdgp,DESPACHO VICEMINISTERIAL DE GESTION PEDAGOGICA,40000,24
despacho viceministerial de,DESPACHO VICEMINISTERIAL DE GESTION PEDAGOGICA,40000,24
direccion general de educ. superior universitaria,DIRECCION GENERAL DE EDUCACION SUPERIOR UNIVERSITARIA,40600,24
direccio general de educacion superior universitaria,DIRECCION GENERAL DE EDUCACION SUPERIOR UNIVERSITARIA,40600,24
dgdesu,DIRECCION GENERAL DE EDUCACION SUPERIOR UNIVERSITARIA,40600,24
direccion general de,DIRECCION GENERAL DE EDUCACION SUPERIOR UNIVERSITARIA,40600,24
direccion general,DIRECCION GENERAL DE EDUCACION SUPERIOR UNIVERSITARIA,40600,24
dxreccion general de educacion superior universitaria,DIRECCION GENERAL DE EDUCACION SUPERIOR UNIVERSITARIA,40600,24
dxreccion de politicas para el desarrollo y aseguramiento de la calidad de la educacion superior universitaria,DIRECCION DE POLITICAS PARA EL DESARROLLO Y ASEGURAMIENTO DE LA CALIDAD DE LA EDUCACION SUPERIOR UNIVERSITARIA,40601,24
direccion de politicas,DIRECCION DE POLITICAS PARA EL DESARROLLO Y ASEGURAMIENTO DE LA CALIDAD DE LA EDUCACION SUPERIOR UNIVERSITARIA,40601,24
direccion de politicas para el desarrollo y aseguramiento de la calidad de la educ. superior universitaria,DIRECCION DE POLITICAS PARA EL DESARROLLO Y ASEGURAMIENTO DE LA CALIDAD DE LA EDUCACION SUPERIOR UNIVERSITARIA,40601,24
direccio de politicas para el desarrollo y aseguramiento de la calidad de la educacion superior universitaria,DIRECCION DE POLITICAS PARA EL DESARROLLO Y ASEGURAMIENTO DE LA CALIDAD DE LA EDUCACION SUPERIOR UNIVERSITARIA,40601,24
direccion de coordinacion,DIRECCION DE COORDINACION Y PROMOCION DE LA CALIDAD DE LA EDUCACION SUPERIOR UNIVERSITARIA,40602,24
direccio de coordinacion y promocion de la calidad de la educacion superior universitaria,DIRECCION DE COORDINACION Y PROMOCION DE LA CALIDAD DE LA EDUCACION SUPERIOR UNIVERSITARIA,40602,24
dxreccion de coordinacion y promocion de la calidad de la educacion superior universitaria,DIRECCION DE COORDINACION Y PROMOCION DE LA CALIDAD DE LA EDUCACION SUPERIOR UNIVERSITARIA,40602,24
direccion de coordinacion y promocion de la calidad de la educ. superior universitaria,DIRECCION DE COORDINACION Y PROMOCION DE LA CALIDAD DE LA EDUCACION SUPERIOR UNIVERSITARIA,40602,24
despacho viceministerial de gestion inst.,DESPACHO VICEMINISTERIAL DE GESTION INSTITUCIONAL,50000,24
despach viceministerial de gestion institucional,DESPACHO VICEMINISTERIAL DE GESTION INSTITUCIONAL,50000,24
despacho vicemin. de gestion institucional,DESPACHO VICEMINISTERIAL DE GESTION INSTITUCIONAL,50000,24
despacho viceministerial,DESPACHO VICEMINISTERIAL DE GESTION INSTITUCIONAL,50000,24
dvdgi,DESPACHO VICEMINISTERIAL DE GESTION INSTITUCIONAL,50000,24
dxspacho viceministerial de gestion institucional,DESPACHO VICEMINISTERIAL DE GESTION INSTITUCIONAL,50000,24
despacho viceministerial de,DESPACHO VICEMINISTERIAL DE GESTION INSTITUCIONAL,50000,24
dgdgd,DIRECCION GENERAL DE GESTION DESCENTRALIZADA,50100,24
dxreccion general de gestion descentralizada,DIRECCION GENERAL DE GESTION DESCENTRALIZADA,50100,24
direccio general de gestion descentralizada,DIRECCION GENERAL DE GESTION DESCENTRALIZADA,50100,24
direccion general de,DIRECCION GENERAL DE GESTION DESCENTRALIZADA,50100,24
direccion general,DIRECCION GENERAL DE GESTION DESCENTRALIZADA,50100,24
ddri,DIRECCION DE RELACIONES INTERGUBERNAMENTALES,50101,24
dxreccion de relaciones intergubernamentales,DIRECCION DE RELACIONES INTERGUBERNAMENTALES,50101,24
direccion de relaciones,DIRECCION DE RELACIONES INTERGUBERNAMENTALES,50101,24
direccio de relaciones intergubernamentales,DIRECCION DE RELACIONES INTERGUBERNAMENTALES,50101,24
direccio de apoyo a la gestion educativa descentralizada,DIRECCION DE APOYO A LA GESTION EDUCATIVA DESCENTRALIZADA,50102,24
dxreccion de apoyo a la gestion educativa descentralizada,DIRECCION DE APOYO A LA GESTION EDUCATIVA DESCENTRALIZADA,50102,24
direccion de apoyo,DIRECCION DE APOYO A LA GESTION EDUCATIVA DESCENTRALIZADA,50102,24
dxreccion general de infraestructura educativa,DIRECCION GENERAL DE INFRAESTRUCTURA EDUCATIVA,50300,24
direccio general de infraestructura educativa,DIRECCION GENERAL DE INFRAESTRUCTURA EDUCATIVA,50300,24
dgdie,DIRECCION GENERAL DE INFRAESTRUCTURA EDUCATIVA,50300,24
direccion general de,DIRECCION GENERAL DE INFRAESTRUCTURA EDUCATIVA,50300,24
direccion general,DIRECCION GENERAL DE INFRAESTRUCTURA EDUCATIVA,50300,24
direccion de planificacion,DIRECCION DE PLANIFICACION DE INVERSIONES,50301,24
dxreccion de planificacion de inversiones,DIRECCION DE PLANIFICACION DE INVERSIONES,50301,24
direccio de planificacion de inversiones,DIRECCION DE PLANIFICACION DE INVERSIONES,50301,24
ddpdi,DIRECCION DE PLANIFICACION DE INVERSIONES,50301,24
dxreccion de normatividad de infraestructura,DIRECCION DE NORMATIVIDAD DE INFRAESTRUCTURA,50302,24
ddndi,DIRECCION DE NORMATIVIDAD DE INFRAESTRUCTURA,50302,24
direccio de normatividad de infraestructura,DIRECCION DE NORMATIVIDAD DE INFRAESTRUCTURA,50302,24
direccion de normatividad,DIRECCION DE NORMATIVIDAD DE INFRAESTRUCTURA,50302,24
dxreccion de saneamiento fisico legal y registro inmoviliario,DIRECCION DE SANEAMIENTO FISICO LEGAL Y REGISTRO INMOVILIARIO,50303,24
direccion de saneamiento,DIRECCION DE SANEAMIENTO FISICO LEGAL Y REGISTRO INMOVILIARIO,50303,24
direccio de saneamiento fisico legal y registro inmoviliario,DIRECCION DE SANEAMIENTO FISICO LEGAL Y REGISTRO INMOVILIARIO,50303,24
direccio general de becas y credito educativo,DIRECCION GENERAL DE BECAS Y CREDITO EDUCATIVO,50400,24
direccion general de,DIRECCION GENERAL DE BECAS Y CREDITO EDUCATIVO,50400,24
direccion general,DIRECCION GENERAL DE BECAS Y CREDITO EDUCATIVO,50400,24
dxreccion general de becas y credito educativo,DIRECCION GENERAL DE BECAS Y CREDITO EDUCATIVO,50400,24
oficina general de,OFICINA GENERAL DE ADMINISTRACION,20100,26
ofi. general de administracion,OFICINA GENERAL DE ADMINISTRACION,20100,26
oficin general de administracion,OFICINA GENERAL DE ADMINISTRACION,20100,26
ogda,OFICINA GENERAL DE ADMINISTRACION,20100,26
oxicina general de administracion,OFICINA GENERAL DE ADMINISTRACION,20100,26
oficina general,OFICINA GENERAL DE ADMINISTRACION,20100,26
ofi. de logistica,OFICINA DE LOGISTICA,20101,26
oficina de logistica,OFICINA DE LOGISTICA,20101,26
oxicina de logistica,OFICINA DE LOGISTICA,20101,26
oficin de logistica,OFICINA DE LOGISTICA,20101,26
odl,OFICINA DE LOGISTICA,20101,26
oficina de,OFICINA DE LOGISTICA,20101,26
odcycp,OFICINA DE CONTABILIDAD Y CONTROL PREVIO,20102,26
oficina de contabilidad y ctrl previo,OFICINA DE CONTABILIDAD Y CONTROL PREVIO,20102,26
ofi. de contabilidad y control previo,OFICINA DE CONTABILIDAD Y CONTROL PREVIO,20102,26
oficin de contabilidad y control previo,OFICINA DE CONTABILIDAD Y CONTROL PREVIO,20102,26
oficina de contabilidad,OFICINA DE CONTABILIDAD Y CONTROL PREVIO,20102,26
oficina de,OFICINA DE CONTABILIDAD Y CONTROL PREVIO,20102,26
oxicina de contabilidad y control previo,OFICINA DE CONTABILIDAD Y CONTROL PREVIO,20102,26
ofi. de tesoreria,OFICINA DE TESORERIA,20103,26
odt,OFICINA DE TESORERIA,20103,26
oxicina de tesoreria,OFICINA DE TESORERIA,20103,26
oficin de tesoreria,OFICINA DE TESORERIA,20103,26
oficina de tesoreria,OFICINA DE TESORERIA,20103,26
oficina de,OFICINA DE TESORERIA,20103,26
oxicina general de recursos humanos,OFICINA GENERAL DE RECURSOS HUMANOS,20200,26
oficina general de,OFICINA GENERAL DE RECURSOS HUMANOS,20200,26
ogdrh,OFICINA GENERAL DE RECURSOS HUMANOS,20200,26
oficin general de recursos humanos,OFICINA GENERAL DE RECURSOS HUMANOS,20200,26
oficina general,OFICINA GENERAL DE RECURSOS HUMANOS,20200,26
ofi. general de recursos humanos,OFICINA GENERAL DE RECURSOS HUMANOS,20200,26
ofi. de gestion del desarrollo y la capacitacion,OFICINA DE GESTION DEL DESARROLLO Y LA CAPACITACION,20202,26
oficin de gestion del desarrollo y la capacitacion,OFICINA DE GESTION DEL DESARROLLO Y LA CAPACITACION,20202,26
oxicina de gestion del desarrollo y la capacitacion,OFICINA DE GESTION DEL DESARROLLO Y LA CAPACITACION,20202,26
oficina de gestion,OFICINA DE GESTION DEL DESARROLLO Y LA CAPACITACION,20202,26
oficina de,OFICINA DE GESTION DEL DESARROLLO Y LA CAPACITACION,20202,26
oficina general de,OFICINA GENERAL DE COMUNICACIONES,20300,26
ogdc,OFICINA GENERAL DE COMUNICACIONES,20300,26
oficin general de comunicaciones,OFICINA GENERAL DE COMUNICACIONES,20300,26
ofi. general de comunicaciones,OFICINA GENERAL DE COMUNICACIONES,20300,26
oxicina general de comunicaciones,OFICINA GENERAL DE COMUNICACIONES,20300,26
oficina general,OFICINA GENERAL DE COMUNICACIONES,20300,26
oficina de relaciones inter-inst.es,OFICINA DE RELACIONES INTER-INSTITUCIONALES,20302,26
oxicina de relaciones inter-institucionales,OFICINA DE RELACIONES INTER-INSTITUCIONALES,20302,26
oficina de relaciones,OFICINA DE RELACIONES INTER-INSTITUCIONALES,20302,26
odri,OFICINA DE RELACIONES INTER-INSTITUCIONALES,20302,26
ofi. de relaciones inter-institucionales,OFICINA DE RELACIONES INTER-INSTITUCIONALES,20302,26
oficina de,OFICINA DE RELACIONES INTER-INSTITUCIONALES,20302,26
oficin de relaciones inter-institucionales,OFICINA DE RELACIONES INTER-INSTITUCIONALES,20302,26
oxicina de defensa nacional y de gestion del riesgo de desastres,OFICINA DE DEFENSA NACIONAL Y DE GESTION DEL RIESGO DE DESASTRES,20900,26
oficina de defensa nac. y de gestion del riesgo de desastres,OFICINA DE DEFENSA NACIONAL Y DE GESTION DEL RIESGO DE DESASTRES,20900,26
ofi. de defensa nacional y de gestion del riesgo de desastres,OFICINA DE DEFENSA NACIONAL Y DE GESTION DEL RIESGO DE DESASTRES,20900,26
oficina de defensa,OFICINA DE DEFENSA NACIONAL Y DE GESTION DEL RIESGO DE DESASTRES,20900,26
oficin de defensa nacional y de gestion del riesgo de desastres,OFICINA DE DEFENSA NACIONAL Y DE GESTION DEL RIESGO DE DESASTRES,20900,26
oficina de,OFICINA DE DEFENSA NACIONAL Y DE GESTION DEL RIESGO DE DESASTRES,20900,26
udpyp,UNIDAD DE PLANIFICACION Y PRESUPUESTO,30102,26
unida de planificacion y presupuesto,UNIDAD DE PLANIFICACION Y PRESUPUESTO,30102,26
unidad de planificacion,UNIDAD DE PLANIFICACION Y PRESUPUESTO,30102,26
unidad de,UNIDAD DE PLANIFICACION Y PRESUPUESTO,30102,26
uxidad de planificacion y presupuesto,UNIDAD DE PLANIFICACION Y PRESUPUESTO,30102,26
uni. de planificacion y presupuesto,UNIDAD DE PLANIFICACION Y PRESUPUESTO,30102,26
unidad de organizacion,UNIDAD DE ORGANIZACION Y METODOS,30104,26
unida de organizacion y metodos,UNIDAD DE ORGANIZACION Y METODOS,30104,26
uni. de organizacion y metodos,UNIDAD DE ORGANIZACION Y METODOS,30104,26
uxidad de organizacion y metodos,UNIDAD DE ORGANIZACION Y METODOS,30104,26
unidad de,UNIDAD DE ORGANIZACION Y METODOS,30104,26
udoym,UNIDAD DE ORGANIZACION Y METODOS,30104,26
ofi. de seguimiento y evaluacion estrategica,OFICINA DE SEGUIMIENTO Y EVALUACION ESTRATEGICA,30200,26
odsyee,OFICINA DE SEGUIMIENTO Y EVALUACION ESTRATEGICA,30200,26
oficina de seguimiento,OFICINA DE SEGUIMIENTO Y EVALUACION ESTRATEGICA,30200,26
oxicina de seguimiento y evaluacion estrategica,OFICINA DE SEGUIMIENTO Y EVALUACION ESTRATEGICA,30200,26
oficin de seguimiento y evaluacion estrategica,OFICINA DE SEGUIMIENTO Y EVALUACION ESTRATEGICA,30200,26
oficina de,OFICINA DE SEGUIMIENTO Y EVALUACION ESTRATEGICA,30200,26
unidad de estadistica,UNIDAD DE ESTADISTICA,30201,26
uni. de estadistica,UNIDAD DE ESTADISTICA,30201,26
ude,UNIDAD DE ESTADISTICA,30201,26
unida de estadistica,UNIDAD DE ESTADISTICA,30201,26
uxidad de estadistica,UNIDAD DE ESTADISTICA,30201,26
unidad de,UNIDAD DE ESTADISTICA,30201,26
unida de seguimiento y evaluacion,UNIDAD DE SEGUIMIENTO Y EVALUACION,30202,26
udsye,UNIDAD DE SEGUIMIENTO Y EVALUACION,30202,26
unidad de seguimiento,UNIDAD DE SEGUIMIENTO Y EVALUACION,30202,26
unidad de,UNIDAD DE SEGUIMIENTO Y EVALUACION,30202,26
uni. de seguimiento y evaluacion,UNIDAD DE SEGUIMIENTO Y EVALUACION,30202,26
uxidad de seguimiento y evaluacion,UNIDAD DE SEGUIMIENTO Y EVALUACION,30202,26
oficina de medicion,OFICINA DE MEDICION DE LA CALIDAD DE LOS APRENDIZAJES,30300,26
oficin de medicion de la calidad de los aprendizajes,OFICINA DE MEDICION DE LA CALIDAD DE LOS APRENDIZAJES,30300,26
oxicina de medicion de la calidad de los aprendizajes,OFICINA DE MEDICION DE LA CALIDAD DE LOS APRENDIZAJES,30300,26
ofi. de medicion de la calidad de los aprendizajes,OFICINA DE MEDICION DE LA CALIDAD DE LOS APRENDIZAJES,30300,26
oficina de,OFICINA DE MEDICION DE LA CALIDAD DE LOS APRENDIZAJES,30300,26
ofi. de tecnologias de la informacion y comunicacion,OFICINA DE TECNOLOGIAS DE LA INFORMACION Y COMUNICACION,30400,26
oficina de tecnologias,OFICINA DE TECNOLOGIAS DE LA INFORMACION Y COMUNICACION,30400,26
oficin de tecnologias de la informacion y comunicacion,OFICINA DE TECNOLOGIAS DE LA INFORMACION Y COMUNICACION,30400,26
oxicina de tecnologias de la informacion y comunicacion,OFICINA DE TECNOLOGIAS DE LA INFORMACION Y COMUNICACION,30400,26
oficina de,OFICINA DE TECNOLOGIAS DE LA INFORMACION Y COMUNICACION,30400,26
secretaria nac. de la juventud,SECRETARIA NACIONAL DE LA JUVENTUD,30500,26
secretaria nacional,SECRETARIA NACIONAL DE LA JUVENTUD,30500,26
secretaria nacional de,SECRETARIA NACIONAL DE LA JUVENTUD,30500,26
sndlj,SECRETARIA NACIONAL DE LA JUVENTUD,30500,26
sxcretaria nacional de la juventud,SECRETARIA NACIONAL DE LA JUVENTUD,30500,26
secretari nacional de la juventud,SECRETARIA NACIONAL DE LA JUVENTUD,30500,26
"dxreccion de promocion, organizacion y gestion","DIRECCION DE PROMOCION, ORGANIZACION Y GESTION",30501,26
"direccio de promocion, organizacion y gestion","DIRECCION DE PROMOCION, ORGANIZACION Y GESTION",30501,26
"direccion de promocion,","DIRECCION DE PROMOCION, ORGANIZACION Y GESTION",30501,26
ddpoyg,"DIRECCION DE PROMOCION, ORGANIZACION Y GESTION",30501,26
direccion de investigacion,DIRECCION DE INVESTIGACION Y DESARROLLO,30502,26
direccio de investigacion y desarrollo,DIRECCION DE INVESTIGACION Y DESARROLLO,30502,26
dxreccion de investigacion y desarrollo,DIRECCION DE INVESTIGACION Y DESARROLLO,30502,26
ddiyd,DIRECCION DE INVESTIGACION Y DESARROLLO,30502,26
direccio de asistencia integral y monitoreo,DIRECCION DE ASISTENCIA INTEGRAL Y MONITOREO,30503,26
ddaiym,DIRECCION DE ASISTENCIA INTEGRAL Y MONITOREO,30503,26
direccion de asistencia,DIRECCION DE ASISTENCIA INTEGRAL Y MONITOREO,30503,26
dxreccion de asistencia integral y monitoreo,DIRECCION DE ASISTENCIA INTEGRAL Y MONITOREO,30503,26
dgdebr,DIRECCION GENERAL DE EDUCACION BASICA REGULAR,40100,26
direccio general de educacion basica regular,DIRECCION GENERAL DE EDUCACION BASICA REGULAR,40100,26
dxreccion general de educacion basica regular,DIRECCION GENERAL DE EDUCACION BASICA REGULAR,40100,26
direccion general de educ. basica regular,DIRECCION GENERAL DE EDUCACION BASICA REGULAR,40100,26
direccion general de,DIRECCION GENERAL DE EDUCACION BASICA REGULAR,40100,26
direccion general,DIRECCION GENERAL DE EDUCACION BASICA REGULAR,40100,26
direccion de educacion,DIRECCION DE EDUCACION INICIAL,40101,26
dxreccion de educacion inicial,DIRECCION DE EDUCACION INICIAL,40101,26
direccion de educ. inicial,DIRECCION DE EDUCACION INICIAL,40101,26
ddei,DIRECCION DE EDUCACION INICIAL,40101,26
direccio de educacion inicial,DIRECCION DE EDUCACION INICIAL,40101,26
direccio de educacion primaria,DIRECCION DE EDUCACION PRIMARIA,40102,26
direccion de educ. primaria,DIRECCION DE EDUCACION PRIMARIA,40102,26
dxreccion de educacion primaria,DIRECCION DE EDUCACION PRIMARIA,40102,26
direccion de educacion,DIRECCION DE EDUCACION PRIMARIA,40102,26
ddep,DIRECCION DE EDUCACION PRIMARIA,40102,26
direccion de educacion,DIRECCION DE EDUCACION SECUNDARIA,40103,26
direccio de educacion secundaria,DIRECCION DE EDUCACION SECUNDARIA,40103,26
direccion de educ. secundaria,DIRECCION DE EDUCACION SECUNDARIA,40103,26
dxreccion de educacion secundaria,DIRECCION DE EDUCACION SECUNDARIA,40103,26
ddes,DIRECCION DE EDUCACION SECUNDARIA,40103,26
direccion de educ. fisica y deporte,DIRECCION DE EDUCACION FISICA Y DEPORTE,40104,26
direccion de educacion,DIRECCION DE EDUCACION FISICA Y DEPORTE,40104,26
direccio de educacion fisica y deporte,DIRECCION DE EDUCACION FISICA Y DEPORTE,40104,26
dxreccion de educacion fisica y deporte,DIRECCION DE EDUCACION FISICA Y DEPORTE,40104,26
ddefyd,DIRECCION DE EDUCACION FISICA Y DEPORTE,40104,26
"dxreccion general de educacion basica alternativa, intercultural bilingue y de servicios educativos en el ambito rural","DIRECCION GENERAL DE EDUCACION BASICA ALTERNATIVA, INTERCULTURAL BILINGUE Y DE SERVICIOS EDUCATIVOS EN EL AMBITO RURAL",40200,26
direccion general de,"DIRECCION GENERAL DE EDUCACION BASICA ALTERNATIVA, INTERCULTURAL BILINGUE Y DE SERVICIOS EDUCATIVOS EN EL AMBITO RURAL",40200,26
direccion general,"DIRECCION GENERAL DE EDUCACION BASICA ALTERNATIVA, INTERCULTURAL BILINGUE Y DE SERVICIOS EDUCATIVOS EN EL AMBITO RURAL",40200,26
"direccio general de educacion basica alternativa, intercultural bilingue y de servicios educativos en el ambito rural","DIRECCION GENERAL DE EDUCACION BASICA ALTERNATIVA, INTERCULTURAL BILINGUE Y DE SERVICIOS EDUCATIVOS EN EL AMBITO RURAL",40200,26
"direccion general de educ. basica alternativa, intercultural bilingue y de servicios educativos en el ambito rural","DIRECCION GENERAL DE EDUCACION BASICA ALTERNATIVA, INTERCULTURAL BILINGUE Y DE SERVICIOS EDUCATIVOS EN EL AMBITO RURAL",40200,26
direccio de educacion basica alternativa,DIRECCION DE EDUCACION BASICA ALTERNATIVA,40201,26
direccion de educ. basica alternativa,DIRECCION DE EDUCACION BASICA ALTERNATIVA,40201,26
ddeba,DIRECCION DE EDUCACION BASICA ALTERNATIVA,40201,26
direccion de educacion,DIRECCION DE EDUCACION BASICA ALTERNATIVA,40201,26
dxreccion de educacion basica alternativa,DIRECCION DE EDUCACION BASICA ALTERNATIVA,40201,26
direccion de educacion,DIRECCION DE EDUCACION INTERCULTURAL BILINGUE,40202,26
direccio de educacion intercultural bilingue,DIRECCION DE EDUCACION INTERCULTURAL BILINGUE,40202,26
dxreccion de educacion intercultural bilingue,DIRECCION DE EDUCACION INTERCULTURAL BILINGUE,40202,26
direccion de educ. intercultural bilingue,DIRECCION DE EDUCACION INTERCULTURAL BILINGUE,40202,26
ddeib,DIRECCION DE EDUCACION INTERCULTURAL BILINGUE,40202,26
dxreccion de servicios educativos en el ambito rural,DIRECCION DE SERVICIOS EDUCATIVOS EN EL AMBITO RURAL,40203,26
direccio de servicios educativos en el ambito rural,DIRECCION DE SERVICIOS EDUCATIVOS EN EL AMBITO RURAL,40203,26
direccion de servicios,DIRECCION DE SERVICIOS EDUCATIVOS EN EL AMBITO RURAL,40203,26
direccio general de servicios educativos especializados,DIRECCION GENERAL DE SERVICIOS EDUCATIVOS ESPECIALIZADOS,40300,26
dgdsee,DIRECCION GENERAL DE SERVICIOS EDUCATIVOS ESPECIALIZADOS,40300,26
direccion general de,DIRECCION GENERAL DE SERVICIOS EDUCATIVOS ESPECIALIZADOS,40300,26
direccion general,DIRECCION GENERAL DE SERVICIOS EDUCATIVOS ESPECIALIZADOS,40300,26
dxreccion general de servicios educativos especializados,DIRECCION GENERAL DE SERVICIOS EDUCATIVOS ESPECIALIZADOS,40300,26
direccion de educacion,DIRECCION DE EDUCACION BASICA ESPECIAL,40301,26
direccio de educacion basica especial,DIRECCION DE EDUCACION BASICA ESPECIAL,40301,26
dxreccion de educacion basica especial,DIRECCION DE EDUCACION BASICA ESPECIAL,40301,26
direccion de educ. basica especial,DIRECCION DE EDUCACION BASICA ESPECIAL,40301,26
ddebe,DIRECCION DE EDUCACION BASICA ESPECIAL,40301,26
dxreccion de educacion basica para estudiantes con desempeño sobresaliente y alto rendimiento,DIRECCION DE EDUCACION BASICA PARA ESTUDIANTES CON DESEMPEÑO SOBRESALIENTE Y ALTO RENDIMIENTO,40302,26
direccion de educacion,DIRECCION DE EDUCACION BASICA PARA ESTUDIANTES CON DESEMPEÑO SOBRESALIENTE Y ALTO RENDIMIENTO,40302,26
direccio de educacion basica para estudiantes con desempeño sobresaliente y alto rendimiento,DIRECCION DE EDUCACION BASICA PARA ESTUDIANTES CON DESEMPEÑO SOBRESALIENTE Y ALTO RENDIMIENTO,40302,26
direccion de educ. basica para estudiantes con desempeño sobresaliente y alto rendimiento,DIRECCION DE EDUCACION BASICA PARA ESTUDIANTES CON DESEMPEÑO SOBRESALIENTE Y ALTO RENDIMIENTO,40302,26
dditee,DIRECCION DE INNOVACION TECNOLOGICA EN EDUCACION,40400,26
direccion de innovacion tecnologica en educ.,DIRECCION DE INNOVACION TECNOLOGICA EN EDUCACION,40400,26
direccion de innovacion,DIRECCION DE INNOVACION TECNOLOGICA EN EDUCACION,40400,26
direccio de innovacion tecnologica en educacion,DIRECCION DE INNOVACION TECNOLOGICA EN EDUCACION,40400,26
dxreccion de innovacion tecnologica en educacion,DIRECCION DE INNOVACION TECNOLOGICA EN EDUCACION,40400,26
direccion general de,DIRECCION GENERAL DE DESARROLLO DOCENTE,40500,26
dxreccion general de desarrollo docente,DIRECCION GENERAL DE DESARROLLO DOCENTE,40500,26
direccion general,DIRECCION GENERAL DE DESARROLLO DOCENTE,40500,26
direccio general de desarrollo docente,DIRECCION GENERAL DE DESARROLLO DOCENTE,40500,26
dgddd,DIRECCION GENERAL DE DESARROLLO DOCENTE,40500,26
direccion tecnico normativa,DIRECCION TECNICO NORMATIVA DE DOCENTES,40501,26
direccio tecnico normativa de docentes,DIRECCION TECNICO NORMATIVA DE DOCENTES,40501,26
dxreccion tecnico normativa de docentes,DIRECCION TECNICO NORMATIVA DE DOCENTES,40501,26
dtndd,DIRECCION TECNICO NORMATIVA DE DOCENTES,40501,26
direccion tecnico,DIRECCION TECNICO NORMATIVA DE DOCENTES,40501,26
direccio de evaluacion docente,DIRECCION DE EVALUACION DOCENTE,40502,26
dxreccion de evaluacion docente,DIRECCION DE EVALUACION DOCENTE,40502,26
direccion de evaluacion,DIRECCION DE EVALUACION DOCENTE,40502,26
dded,DIRECCION DE EVALUACION DOCENTE,40502,26
direccio de promocion del bienestar y reconocimiento docente,DIRECCION DE PROMOCION DEL BIENESTAR Y RECONOCIMIENTO DOCENTE,40503,26
dxreccion de promocion del bienestar y reconocimiento docente,DIRECCION DE PROMOCION DEL BIENESTAR Y RECONOCIMIENTO DOCENTE,40503,26
direccion de promocion,DIRECCION DE PROMOCION DEL BIENESTAR Y RECONOCIMIENTO DOCENTE,40503,26
direccion de formacion,DIRECCION DE FORMACION INICIAL DOCENTE,40504,26
dxreccion de formacion inicial docente,DIRECCION DE FORMACION INICIAL DOCENTE,40504,26
ddfid,DIRECCION DE FORMACION INICIAL DOCENTE,40504,26
direccio de formacion inicial docente,DIRECCION DE FORMACION INICIAL DOCENTE,40504,26
direccio de formacion docente en servicio,DIRECCION DE FORMACION DOCENTE EN SERVICIO,40505,26
direccion de formacion,DIRECCION DE FORMACION DOCENTE EN SERVICIO,40505,26
ddfdes,DIRECCION DE FORMACION DOCENTE EN SERVICIO,40505,26
dxreccion de formacion docente en servicio,DIRECCION DE FORMACION DOCENTE EN SERVICIO,40505,26
direccio general de educacion tecnico-productiva y superior tecnologica y artistica,DIRECCION GENERAL DE EDUCACION TECNICO-PRODUCTIVA Y SUPERIOR TECNOLOGICA Y ARTISTICA,40700,26
direccion general de,DIRECCION GENERAL DE EDUCACION TECNICO-PRODUCTIVA Y SUPERIOR TECNOLOGICA Y ARTISTICA,40700,26
direccion general de educ. tecnico-productiva y superior tecnologica y artistica,DIRECCION GENERAL DE EDUCACION TECNICO-PRODUCTIVA Y SUPERIOR TECNOLOGICA Y ARTISTICA,40700,26
direccion general,DIRECCION GENERAL DE EDUCACION TECNICO-PRODUCTIVA Y SUPERIOR TECNOLOGICA Y ARTISTICA,40700,26
dxreccion general de educacion tecnico-productiva y superior tecnologica y artistica,DIRECCION GENERAL DE EDUCACION TECNICO-PRODUCTIVA Y SUPERIOR TECNOLOGICA Y ARTISTICA,40700,26
dxreccion de servicios de educacion tecnico-productiva y superior tecnologica y artistica,DIRECCION DE SERVICIOS DE EDUCACION TECNICO-PRODUCTIVA Y SUPERIOR TECNOLOGICA Y ARTISTICA,40701,26
direccion de servicios,DIRECCION DE SERVICIOS DE EDUCACION TECNICO-PRODUCTIVA Y SUPERIOR TECNOLOGICA Y ARTISTICA,40701,26
direccion de servicios de educ. tecnico-productiva y superior tecnologica y artistica,DIRECCION DE SERVICIOS DE EDUCACION TECNICO-PRODUCTIVA Y SUPERIOR TECNOLOGICA Y ARTISTICA,40701,26
direccio de servicios de educacion tecnico-productiva y superior tecnologica y artistica,DIRECCION DE SERVICIOS DE EDUCACION TECNICO-PRODUCTIVA Y SUPERIOR TECNOLOGICA Y ARTISTICA,40701,26
dxreccion de gestion de instituciones de educacion tecnico productiva y superior tecnologica y artistica,DIRECCION DE GESTION DE INSTITUCIONES DE EDUCACION TECNICO PRODUCTIVA Y SUPERIOR TECNOLOGICA Y ARTISTICA,40702,26
direccio de gestion de instituciones de educacion tecnico productiva y superior tecnologica y artistica,DIRECCION DE GESTION DE INSTITUCIONES DE EDUCACION TECNICO PRODUCTIVA Y SUPERIOR TECNOLOGICA Y ARTISTICA,40702,26
direccion de gestion,DIRECCION DE GESTION DE INSTITUCIONES DE EDUCACION TECNICO PRODUCTIVA Y SUPERIOR TECNOLOGICA Y ARTISTICA,40702,26
direccion de gestion de instituciones de educ. tecnico productiva y superior tecnologica y artistica,DIRECCION DE GESTION DE INSTITUCIONES DE EDUCACION TECNICO PRODUCTIVA Y SUPERIOR TECNOLOGICA Y ARTISTICA,40702,26
casa de,CASA DE LA LITERATURA,40800,26
cdll,CASA DE LA LITERATURA,40800,26
casa de la,CASA DE LA LITERATURA,40800,26
dgdgd,DIRECCION GENERAL DE GESTION DESCENTRALIZADA,50100,26
dxreccion general de gestion descentralizada,DIRECCION GENERAL DE GESTION DESCENTRALIZADA,50100,26
direccio general de gestion descentralizada,DIRECCION GENERAL DE GESTION DESCENTRALIZADA,50100,26
direccion general de,DIRECCION GENERAL DE GESTION DESCENTRALIZADA,50100,26
direccion general,DIRECCION GENERAL DE GESTION DESCENTRALIZADA,50100,26
dxreccion de fortalecimiento de capacidades,DIRECCION DE FORTALECIMIENTO DE CAPACIDADES,50103,26
direccion de fortalecimiento,DIRECCION DE FORTALECIMIENTO DE CAPACIDADES,50103,26
ddfdc,DIRECCION DE FORTALECIMIENTO DE CAPACIDADES,50103,26
direccio de fortalecimiento de capacidades,DIRECCION DE FORTALECIMIENTO DE CAPACIDADES,50103,26
direccion general de,DIRECCION GENERAL DE CALIDAD DE LA GESTION ESCOLAR,50200,26
direccion general,DIRECCION GENERAL DE CALIDAD DE LA GESTION ESCOLAR,50200,26
direccio general de calidad de la gestion escolar,DIRECCION GENERAL DE CALIDAD DE LA GESTION ESCOLAR,50200,26
dxreccion general de calidad de la gestion escolar,DIRECCION GENERAL DE CALIDAD DE LA GESTION ESCOLAR,50200,26
direccio de gestion escolar,DIRECCION DE GESTION ESCOLAR,50201,26
ddge,DIRECCION DE GESTION ESCOLAR,50201,26
dxreccion de gestion escolar,DIRECCION DE GESTION ESCOLAR,50201,26
direccion de gestion,DIRECCION DE GESTION ESCOLAR,50201,26
dxreccion de fortalecimiento de la gestion escolar,DIRECCION DE FORTALECIMIENTO DE LA GESTION ESCOLAR,50202,26
direccio de fortalecimiento de la gestion escolar,DIRECCION DE FORTALECIMIENTO DE LA GESTION ESCOLAR,50202,26
direccion de fortalecimiento,DIRECCION DE FORTALECIMIENTO DE LA GESTION ESCOLAR,50202,26
ESCUELA NACIONAL SUPERIOR DE ARTE DRAMATICO,DESPACHO MINISTERIAL,10000,24
SINDICATO DE TRABAJADORES DE LA SEDE CENTRAL DEL MINISTERIO DE EDUCACIÓN,DESPACHO MINISTERIAL,10000,24